Wife Zodiac Sign,Husband Zodiac Sign,Compatibility Reason
Aries,Cancer,Both signs are emotionally connected and supportive.
Scorpio,Leo,Their passionate natures complement each other well.
Pisces,Capricorn,They balance each other's strengths and weaknesses.
Pisces,Libra,Both signs value harmony and balance in relationships.
Cancer,Scorpio,They share deep emotional connections and understand each other.
Scorpio,Scorpio,Both signs have intense emotions and a deep understanding.
Leo,Libra,Their social and outgoing natures create a lively and harmonious relationship.
Aquarius,Cancer,They appreciate each other's unique qualities and provide emotional support.
Sagittarius,Sagittarius,Both signs have a shared sense of adventure and love for exploration.
Pisces,Cancer,They share a deep emotional bond and understand each other's needs.
Pisces,Libra,Both signs value harmony and seek peace in relationships.
Virgo,Libra,Their complementary qualities create a well-balanced and supportive partnership.
Leo,Aquarius,They share a strong intellectual connection and inspire each other.
Capricorn,Taurus,They have similar goals and values, providing stability and security.
Capricorn,Gemini,Both signs value communication and intellectual connection.
Sagittarius,Leo,Their shared enthusiasm and zest for life create a dynamic and exciting relationship.
Sagittarius,Leo,Their shared enthusiasm and zest for life create a dynamic and exciting relationship.
Cancer,Pisces,They have a deep understanding of each other's emotions and provide unconditional support.
Gemini,Aquarius,Both signs value independence and intellectual stimulation.
Gemini,Leo,Their shared love for communication and socializing enhances their bond.
Cancer,Taurus,They have a strong emotional connection and provide stability to each other.
Virgo,Aries,They balance each other's practicality and spontaneity.
Sagittarius,Gemini,They enjoy each other's company and have a natural curiosity for life.
Gemini,Virgo,Both signs share a strong intellectual connection and enjoy mental stimulation.
Taurus,Aquarius,They complement each other's strengths and bring balance to the relationship.
Virgo,Pisces,They have a deep understanding of each other's emotions and provide support.
Capricorn,Leo,They share similar ambitions and have a strong foundation for a successful partnership.
Sagittarius,Leo,Their shared enthusiasm and zest for life create a dynamic and exciting relationship.
Virgo,Libra,Their shared sense of balance and fairness creates a harmonious partnership.
Pisces,Aquarius,Both signs have a deep understanding of each other's emotions and appreciate uniqueness.
Cancer,Virgo,They share a strong emotional bond and provide support and nurturing.
Gemini,Taurus,They have a good balance of communication and stability in the relationship.
Taurus,Pisces,They provide emotional support and stability to each other.
Sagittarius,Capricorn,Both signs have a strong sense of determination and drive for success.
Pisces,Pisces,Both signs have a deep emotional connection and share similar values.
Virgo,Scorpio,They share a strong intellectual and emotional bond, understanding each other deeply.
Taurus,Scorpio,They share intense emotional connections and a deep understanding of each other.
Pisces,Taurus,They provide emotional support and stability to each other.
Libra,Capricorn,They balance each other's practicality and desire for harmony in relationships.
Cancer,Taurus,They have a strong emotional connection and provide stability to each other.
Scorpio,Cancer,They share deep emotional connections and understand each other's needs.
Capricorn,Libra,They provide balance and support to each other in their respective endeavors.
Virgo,Cancer,They share a strong emotional bond and provide support and nurturing.
Libra,Scorpio,They balance each other's strengths and weaknesses, creating a harmonious partnership.
Leo,Taurus,Their shared determination and loyalty create a strong and stable relationship.
Sagittarius,Scorpio,They complement each other's strengths and bring passion to the relationship.
Taurus,Virgo,They have a practical and grounded approach to life, creating stability in the relationship.
Cancer,Aries,Their shared emotions and dedication create a deep bond.
Aries,Aries,Both signs share a strong drive for success and have an energetic connection.
Aries,Capricorn,They balance each other's strengths and provide stability in the relationship.
Capricorn,Libra,They balance each other's practicality and desire for harmony in relationships.
Virgo,Capricorn,Both signs have a practical and goal-oriented approach, creating stability and shared ambitions.
Sagittarius,Sagittarius,Both signs have a shared sense of adventure and love for exploration.
Gemini,Pisces,They balance each other's intellectual and emotional aspects.
Leo,Libra,Their shared sense of balance and appreciation for beauty creates a harmonious relationship.
Leo,Cancer,They have a deep emotional connection and provide support and care for each other.
Cancer,Aries,Their shared emotions and dedication create a deep bond.
Libra,Scorpio,They balance each other's strengths and weaknesses, creating a harmonious partnership.
Leo,Gemini,They complement each other's personalities and enjoy stimulating conversations.
Virgo,Sagittarius,They provide balance and grounding to each other's lives.
Leo,Sagittarius,They share a strong sense of adventure and enthusiasm for life.
Capricorn,Gemini,They balance each other's practicality and curiosity, creating a well-rounded partnership
